DROP TABLE IF EXISTS nationality_query_helper;
DROP TABLE IF EXISTS gender_query_helper;


DELETE FROM mcino_moodle.student_module;
DELETE FROM mcino_moodle.students;
DELETE FROM mcino_moodle.modules;
ALTER TABLE mcino_moodle.modules AUTO_INCREMENT = 1;
DELETE FROM mcino_moodle.coordinators;
DELETE FROM mcino_moodle.credentials;

INSERT INTO credentials(username, password) VALUES
('takinwale', 'Root1234!'),
('kcierpisz', 'Root1234!'),
('njasenko', 'Root1234!'),
('ncvetkovic', 'Root1234!'),
('cbeenham', 'Root1234!'),
('aheanes', 'Root1234!'),
('rcollier', 'Root1234!'),
('alastovsky', 'Root1234!'),
('daldred', 'Root1234!'),
('agolden', 'Root1234!'),
('mclifford', 'Root1234!'),
('ncharlton', 'Root1234!'),
('srasmussen', 'Root1234!'),
('scorrigan', 'Root1234!'),
('kkearns', 'Root1234!'),
('avahough', 'Root1234!'),
('sineadlin', 'Root1234!'),
('psknott', 'Root1234!'),
('humbeach', 'Root1234!');

INSERT INTO coordinators(id, name, surname, username, nationality, gender) VALUES
('13245689', 'Rem', 'Collier', 'rcollier', 'United Kingdom', 'Male'),
('18293048', 'Andrew', 'Heanes', 'aheanes', 'Ireland', 'Male'),
('17382746', 'Alexey', 'Lastovsky', 'alastovsky', 'Russia', 'Male');

INSERT INTO students(id, name, surname, address, email, fee_paid, phone_num, username, nationality, gender) VALUES
('16312903', 'Nikolaj', 'Jasenko', '19 Priory Hall', 'student16312903@mcino.ie', 0, '0838537281', 'njasenko', 'United States of America', 'Male'),
('16312904', 'Temitope', 'Akinwale', '25 Wicklow Bay', 'student16312904@mcino.ie', 0, '0830537282', 'takinwale', 'Ireland', 'Male'),
('16312905', 'Kamil', 'Cierpisz', '26 Dublin Bay', 'student16312905@mcino.ie', 0, '0838237283', 'kcierpisz', 'United Kingdom', 'Male'),
('16312906', 'Conor', 'Beenham', '27 Laois Bay', 'student16312906@mcino.ie', 0, '0838137284', 'cbeenham', 'Ireland', 'Male'),
('16312907', 'Nebojsa', 'Cvetkovic', '28 German Bay', 'student16312907@mcino.ie', 0, '0838437285', 'ncvetkovic', 'United States of America', 'Male'),
('16312908', 'Dolores', 'Aldred', '4553 Broaddus Avenue', 'student16312908@mcino.ie', 0, '0838437285', 'daldred', 'Ireland', 'Female'),
('16312909', 'Anaiya', 'Golden', '1866 Cimmaron Road', 'student16312909@mcino.ie', 0, '0838437285', 'agolden', 'United Kingdom', 'Female'),
('16312910', 'Malak', 'Clifford', '28 German Bay', 'student16312910@mcino.ie', 0, '0838437285', 'mclifford', 'Poland', 'Male'),
('16312911', 'Naveed', 'Charlton', '29 German Bay', 'student16312911@mcino.ie', 0, '0838437285', 'ncharlton', 'Poland', 'Male'),
('16312912', 'Sydney', 'Rasmussen', '30 German Bay', 'student16312912@mcino.ie', 0, '0838437285', 'srasmussen', 'United States of America', 'Male'),
('16312913', 'Shiv', 'Corrigan', '31 German Bay', 'student16312913@mcino.ie', 0, '0838437285', 'scorrigan', 'Ireland', 'Female'),
('16312914', 'Kody', 'Kearns', '32 German Bay', 'student16312914@mcino.ie', 0, '0838437285', 'kkearns', 'Ireland', 'Male'),
('16312915', 'Ava-Rose', 'Hough', '33 German Bay', 'student16312915@mcino.ie', 0, '0838437285', 'avahough', 'United States of America', 'Female'),
('16312916', 'Sinead', 'Lin', '34 German Bay', 'student16312916@mcino.ie', 0, '0838437285', 'sineadlin', 'United Kingdom', 'Female'),
('16312917', 'Precious', 'Knott', '36 German Bay', 'student16312917@mcino.ie', 0, '0838437285', 'psknott', 'Poland', 'Female'),
('16312918', 'Humaira', 'Beach', '37 German Bay', 'student16312918@mcino.ie', 0, '0838437285', 'humbeach', 'Ireland', 'Female');


INSERT INTO modules(capacity, coordinator_id, is_terminated, name, topics, module_code) VALUES
('20', '13245689', 0, 'Secure Software Engineering', 'Ethical Hacking, Network Security, SQLi', 'COMP4200'),
('30', '13245689', 0, 'Advances in Wireless Networking', 'Network Security, Wireless Standards, Protocols', 'COMP3200'),
('20', '18293048', 0, 'Object Oriented Programming', 'Ruby, OOP, Software Engineering', 'COMP2300'),
('30', '18293048', 0, 'Introduction to Tai Chi', 'Posture, Yin Yang, Movement', 'SPORT4200'),
('20', '17382746', 0, 'Software Engineering Project II', 'OOP, Software Engineering, Java', 'COMP3100'),
('20', '18293048', 1, 'Computer Programming I', 'C, Memory, Software Engineering', 'COMP1200'),
('30', '13245689', 0, 'Computer Programming II', 'C++, OOP, Software Engineering', 'COMP2200'),
('20', '17382746', 1, 'Software Engineering Project I', 'OOP, Software Engineering, C', 'COMP2100'),
('30', '17382746', 0, 'Graphs and Networks', 'Graphs, Mathematics, Geometry', 'MATH3100'),
('20', '13245689', 1, 'Secure Software Engineering', 'Ethical Hacking, Network Security, SQLi', 'COMP4200'),
('30', '13245689', 1, 'Advances in Wireless Networking', 'Network Security, Wireless Standards, Protocols', 'COMP3200'),
('20', '18293048', 1, 'Object Oriented Programming', 'Ruby, OOP, Software Engineering', 'COMP2300'),
('30', '18293048', 1, 'Introduction to Tai Chi', 'Posture, Yin Yang, Movement', 'SPORT4200'),
('20', '17382746', 1, 'Software Engineering Project II', 'OOP, Software Engineering, Java', 'COMP3100'),
('30', '13245689', 1, 'Computer Programming II', 'C++, OOP, Software Engineering', 'COMP2200'),
('30', '17382746', 1, 'Graphs and Networks', 'Graphs, Mathematics, Geometry', 'MATH3100');

INSERT INTO student_module(grade, module_id, student_id) VALUES
('', '1', '16312903'),
('', '1', '16312904'),
('', '1', '16312905'),
('', '2', '16312906'),
('', '2', '16312907'),
('', '3', '16312908'),
('', '3', '16312909'),
('', '3', '16312910'),
('', '3', '16312911'),
('', '4', '16312912'),
('', '4', '16312913'),
('', '4', '16312914'),
('', '5', '16312915'),
('', '5', '16312916'),
('', '5', '16312917'),
('A', '6', '16312918'),
('A', '6', '16312903'),
('B', '6', '16312904'),
('', '7', '16312905'),
('', '7', '16312906'),
('', '7', '16312907'),
('', '1', '16312908'),
('', '2', '16312909'),
('', '9', '16312910'),
('', '4', '16312911'),
('', '5', '16312912'),
('B', '6', '16312913'),
('B', '8', '16312914'),
('', '9', '16312915'),
('', '7', '16312916'),
('B', '6', '16312917'),
('', '5', '16312918'),
('', '4', '16312903'),
('', '3', '16312904'),
('', '9', '16312905'),
('', '5', '16312906'),
('', '4', '16312907'),
('', '4', '16312908'),
('', '1', '16312909'),
('', '5', '16312910'),
('C', '6', '16312911'),
('', '7', '16312912'),
('A', '8', '16312913'),
('', '9', '16312914'),
('', '1', '16312915'),
('', '9', '16312916'),
('', '7', '16312917'),
('A', '11', '16312918'),
('B', '12', '16312918'),
('C', '14', '16312903'),
('D', '14', '16312904'),
('A', '16', '16312905'),
('NG', '16', '16312906'),
('A', '10', '16312907'),
('C', '11', '16312908'),
('B', '16', '16312909'),
('D', '13', '16312910'),
('C', '14', '16312911'),
('A', '10', '16312912'),
('A', '16', '16312913'),
('B', '10', '16312914'),
('D', '11', '16312915'),
('C', '12', '16312916'),
('C', '13', '16312917'),
('C', '16', '16312918');